obj,endobj,stream,endstream,xref,trailer,startxref,Page,Encrypt,ObjStm,JS,Javascript,AA,OpenAction,AcroForm,JBIG2Decode,RichMedia,Launch,EmbeddedFile,XFA,Colors,Class
0.002543720190779,0.0028607755880483,0.0022172949002217,0.0022172949002217,0.0,0.0217391304347826,0.0416666666666666,0.0,0.0,0.0,0.0024752475247524,0.0049504950495049,0.0,0.0,0.0,0.0,0.0,0.0,0.0,0.0,0.0,1
